Workbook

Sheet Pattern Library
A1: PA File/Data Filtering — Pattern Library
A2: CVS Health CCD Platform Information Security — Skyhigh-to-PA Migration | DLP Pattern Library | v3 (2026-09-28): regex amended & tested; statuses verified against Panorama exports 2026-08-31; yellow cells changed in v3
A4: Pattern Name | B4: Category | C4: Description | D4: File Type | E4: Regex - No Separators | F4: Regex - With Separators | G4: Separator Format Note | H4: Profile Type Required | I4: Enforcement Readiness | J4: Notes / Confidence | K4: Comments | L4: v3 Step | M4: v3 Regex Change | N4: Config Verification (Panorama 2026-08-31) | O4: Step 2 — Boolean Enterprise DLP Equivalent
A5: SSN | B5: Government ID | C5: Standard 9-digit US Social Security Number. | D5: Any | E5: \b(00[1-9]|0[1-9][0-9]|[1-5][0-9]{2}|6[0-5][0-9]|66[0-57-9]|6[7-9][0-9]|[78][0-9]{2})(0[1-9]|[1-9][0-9])(000[1-9]|00[1-9][0-9]|0[1-9][0-9]{2}|[1-9][0-9]{3})\b | F5: \b(00[1-9]|0[1-9][0-9]|[1-5][0-9]{2}|6[0-5][0-9]|66[0-57-9]|6[7-9][0-9]|[78][0-9]{2})[- ](0[1-9]|[1-9][0-9])[- ](000[1-9]|00[1-9][0-9]|0[1-9][0-9]{2}|[1-9][0-9]{3})\b | G5: Standard XXX-XX-XXXX | H5: Classic Data Filtering | I5: In production as Alert — but via the Enterprise DLP predefined SSN pattern (high confidence) in "NAB - Initial Data Filtering", not a Classic Data Filtering object. | J5: Keep the Enterprise DLP SSN pattern as the primary detector. The Classic regex is the license-independent fallback. The no-separator form is still broad (any valid 9-digit number) — Alert only; do not Block on it. | L5: Step 1 fallback (Alert); Step 2 primary | M5: Replaced bare \b\d{9}\b with SSA validity rules: area excludes 000, 666, 900-999; group excludes 00; serial excludes 0000. Separator form now accepts dash or space. | N5: No Classic data pattern exists. Live detection is Enterprise DLP "National Id - US Social Security Number - SSN" (high confidence) in NAB, action Alert, attached to 19 profile groups (RI, AZ, LV, LV-EXT-DMZ). | O5: Predefined SSN (high confidence) already in production. HIPAA profile already combines SSN AND name/address/DOB/medical/phone.
A6: PCI (Card Data) | B6: Payment Data | C6: Primary Account Number (PAN) pattern for major card brands. | D6: Any | E6: \b(4[0-9]{12}([0-9]{3})?|5[1-5][0-9]{14}|2(22[1-9]|2[3-9][0-9]|[3-6][0-9]{2}|7[01][0-9]|720)[0-9]{12}|3[47][0-9]{13}|6011[0-9]{12}|64[4-9][0-9]{13}|65[0-9]{14}|35(2[89]|[3-8][0-9])[0-9]{12}|3(0[0-5]|[68][0-9])[0-9]{11})\b | F6: \b(4[0-9]{3}[- ][0-9]{4}[- ][0-9]{4}[- ][0-9]{4}|(5[1-5][0-9]{2}|2(22[1-9]|2[3-9][0-9]|[3-6][0-9]{2}|7[01][0-9]|720))[- ][0-9]{4}[- ][0-9]{4}[- ][0-9]{4}|3[47][0-9]{2}[- ][0-9]{6}[- ][0-9]{5}|(6011|64[4-9][0-9]|65[0-9]{2})[- ][0-9]{4}[- ][0-9]{4}[- ][0-9]{4}|35(2[89]|[3-8][0-9])[- ][0-9]{4}[- ][0-9]{4}[- ][0-9]{4}|3(0[0-5]|[68][0-9])[0-9][- ][0-9]{6}[- ][0-9]{4})\b | G6: Dash/space-delimited card groupings by brand | H6: Classic Data Filtering | I6: Card detection already in production as Alert via Enterprise DLP (Credit Card Number, medium confidence; Magnetic Stripe) in NAB. No Classic PCI data pattern exists in Panorama. | J6: Classic regex has no Luhn check — random 13-19 digit numbers in valid brand ranges will match. Alert only in Step 1; Block belongs to Step 2 (Enterprise DLP validation + proximity keywords). | K6: Recommended to include these Proximity Keyword to be in parity with zscaler: American Express, Amex, Master Card, Visa, CVV Code, CVV Number, CVC Code, CVC Number, Select Card Type, Discover, Diners Club, JCB, Pay with checking account, Pay check money order, Credit Card Number, Card holder Name, Expiration Date, UnionPay, Yínlián, 银联, 中国银联, Zhōngguó Yínlián, debit card number, debit card, debit card no., maestro | L6: Step 1 fallback (Alert); Step 2 primary | M6: Added Mastercard 2-series (2221-2720), Discover 644-649, JCB 3528-3589, Diners 300-305/36/38. Separator form now requires the correct brand grouping (Visa/MC/Discover/JCB 4-4-4-4, Amex 4-6-5, Diners 4-6-4); original accepted a 12-digit "Visa". | N6: No Classic data pattern. Live: Enterprise DLP "Credit Card Number" (medium) + "Voyager Credit Card" + "Magnetic Stripe Information" (high) in NAB, Alert. | O6: Predefined CCN (Luhn-validated per Palo Alto; verify during trial) + Compunnel proximity-keyword list (Amex, Visa, CVV, expiration date, UnionPay …). "Bulk CCN" profile also exists (not wired).
A7: Driver's License - US | B7: Government ID | C7: US state driver's license number formats (built from corrected reference set). | D7: Any | E7: (see dedicated DL pattern CSV — state-specific formats) | F7: (see dedicated DL pattern CSV — state-specific formats) | G7: Varies by state | H7: Classic Data Filtering | I7: Regex set exists only in the separate CSV — not present in either Panorama. Enterprise DLP predefined "Driver License - US" exists in the PII data profile (not wired). | J7: Full corrected pattern set lives in separate PAN-OS-ready CSV; reference here for coverage matrix tracking only. | K7: May not be required. | L7: Deferred | M7: Not amended here — 51 state patterns live in the separate PAN-OS CSV; several are pure-numeric and high-FP without keyword context. | N7: No Classic object in Panorama. Enterprise DLP PII profile contains "Driver License - US" (Alert, not attached to any rule). | O7: Predefined "Driver License - US" with proximity keywords — the correct home for this pattern; Classic regex not recommended.
A8: Member ID | B8: Health Plan ID | C8: CVS/Aetna health plan member identifier, required for Skyhigh parity. | D8: Any | E8: (see existing Member ID data pattern object) | F8: (see existing Member ID data pattern object) | G8: Per existing Skyhigh pattern definition | H8: Classic Data Filtering | I8: Not found in either Panorama export (no Classic data pattern object). | J8: Carried over from Skyhigh parity requirement; regex not redefined in this workstream. | K8: NA | L8: Step 1 (Detect) | M8: Not amended — regex carried from Skyhigh parity object; not visible in this workbook. | N8: Not present in Panorama 2026-08-31. Skyhigh itself detects/tags only; parity target is Detect, not Block. | O8: Custom Enterprise DLP pattern with member-ID keyword context.
A9: MBI (Medicare Beneficiary Identifier) | B9: CMS Identifier | C9: 11-character CMS Medicare Beneficiary Identifier, post-2018 SSNRI format. | D9: Any | E9: \b[1-9][AC-HJKMNP-RT-Yac-hjkmnp-rt-y][0-9AC-HJKMNP-RT-Yac-hjkmnp-rt-y][0-9][AC-HJKMNP-RT-Yac-hjkmnp-rt-y][0-9AC-HJKMNP-RT-Yac-hjkmnp-rt-y][0-9][AC-HJKMNP-RT-Yac-hjkmnp-rt-y]{2}[0-9]{2}\b | F9: \b[1-9][AC-HJKMNP-RT-Yac-hjkmnp-rt-y][0-9AC-HJKMNP-RT-Yac-hjkmnp-rt-y][0-9][- ][AC-HJKMNP-RT-Yac-hjkmnp-rt-y][0-9AC-HJKMNP-RT-Yac-hjkmnp-rt-y][0-9][- ][AC-HJKMNP-RT-Yac-hjkmnp-rt-y]{2}[0-9]{2}\b | G9: 4-3-4 hyphenated (e.g., 1EG4-TE5-MK73) | H9: Classic Data Filtering | I9: New — Ready for Block after lab validation of the corrected regex. | J9: High precision standalone: fixed CMS alphabet (no B/I/L/O/S/Z) and strict 11-position structure. v2 regex did not match valid MBIs — see v3 Regex Change. | K9: Recommended to include these Proximity Keyword to be in parity with zscaler: "mbi" "mbi#" "medicare beneficiary #" "medicare beneficiary identifier" "medicare beneficiary no" "medicare beneficiary number" "medicare beneficiary#" | L9: Step 1 (Block) | M9: DEFECT FIXED: v2 put digits at positions 7-8 and letters at 9-10, so it failed CMS's own example 1EG4-TE5-MK73. Corrected to CMS format N A AN N A AN N A A N N. Added lowercase; separator accepts dash or space. | N9: Not present in Panorama (new pattern). No MBI pattern in any Enterprise DLP profile either. | O9: Custom Enterprise DLP pattern + Compunnel keywords ("mbi", "medicare beneficiary identifier" …) for Block with keyword gating.
A10: SSN - Masked/Partially Redacted | B10: Government ID (Partial) | C10: SSN with first 5 digits masked, last 4 exposed (e.g., XXX-XX-1234). | D10: Any | E10: (^|[^A-Za-z0-9*#])[Xx*#]{5}[0-9]{4}\b | F10: (^|[^A-Za-z0-9*#])[Xx*#]{3}[- ][Xx*#]{2}[- ][0-9]{4}\b | G10: Mask chars (X/*/#) in place of first 5 digits, dash/space optional | H10: Classic Data Filtering | I10: New — Ready for Alert; promote to Block after burn-in | J10: Masked forms are distinctive enough standalone. Do NOT add a bare last-4-digit variant with no mask characters — indistinguishable from zip+4/phone tails in this profile type. | K10: Recommended to include these Proximity Keyword to be in parity with zscaler. " ssn " "SSNS" "Soc Sec" "Social Security" social security number | L10: Step 1 (Alert → Block) | M10: Replaced leading \b (does not fire before * or #) with a non-alphanumeric guard so ***** / ### masks match; \s replaced with [- ] so matches cannot span line breaks. | N10: Not present in Panorama (new pattern). | O10: Custom pattern + keywords ("ssn", "soc sec", "social security" …).
A11: HICN (Legacy) | B11: CMS Identifier | C11: Pre-2019 CMS Medicare identifier: 9-digit SSN base + Beneficiary Identification Code (BIC) suffix. | D11: Any | E11: \b(00[1-9]|0[1-9][0-9]|[1-5][0-9]{2}|6[0-5][0-9]|66[0-57-9]|6[7-9][0-9]|[78][0-9]{2})(0[1-9]|[1-9][0-9])(000[1-9]|00[1-9][0-9]|0[1-9][0-9]{2}|[1-9][0-9]{3})(A|B[1-9]?|B[A-Z]|C[1-9]|C[A-Z]|D[1-9]?|E[1-9]?|F[1-8]|H[ABC]|J[1-4]|K[1-9]|M1?|T[A-Z]?|W[1-9]?|W[A-D])\b | F11: \b(00[1-9]|0[1-9][0-9]|[1-5][0-9]{2}|6[0-5][0-9]|66[0-57-9]|6[7-9][0-9]|[78][0-9]{2})[- ]?(0[1-9]|[1-9][0-9])[- ]?(000[1-9]|00[1-9][0-9]|0[1-9][0-9]{2}|[1-9][0-9]{3})[- ]?(A|B[1-9]?|B[A-Z]|C[1-9]|C[A-Z]|D[1-9]?|E[1-9]?|F[1-8]|H[ABC]|J[1-4]|K[1-9]|M1?|T[A-Z]?|W[1-9]?|W[A-D])\b | G11: SSN-style (XXX-XX-XXXX) with trailing BIC suffix | H11: Classic Data Filtering | I11: New — Alert-only until validated against a labeled sample | J11: Regex tightened to CMS's documented finite BIC suffix set (not any 1-2 letters) to reduce SSN collision. Classic Data Filtering has no keyword gate, so this tightening is the only available precision lever. Not zero-collision — do not Block until validated. | K11: Recommended to include these Proximity Keyword to be in parity with zscaler. "Medicare HIC" "Medicare HICN" " HIC " "HICN " "Health Insurance Claim Number" "HIC Number" "Medicare Health Insurance Claim Number" "Medicare HIC Number" "hic#" "hicn#" "hicno#" | L11: Step 1 (Alert) | M11: SSN base now uses SSA validity rules (area/group/serial). BIC suffix set extended with K1-K9, D1-D9, E1-E9, W1-W9, T/TA-TZ, C/B letter series. VERIFY the full suffix list against the current CMS BIC table before promotion. | N11: Not present in Panorama (new pattern). | O11: Custom pattern + Compunnel keywords ("Medicare HICN", "HIC Number" …) — keyword gating is the only way to separate HICN from SSN-plus-letter collisions.
A12: Azure Access Key Credential | B12: Data Pattern need to be created | E12: AccountKey=[A-Za-z0-9+/]{86}== | \b[A-Za-z0-9_~.]{3}[0-9]Q~[A-Za-z0-9_~.-]{31,34}\b | F12: [?&]sig=[A-Za-z0-9%+/]{40,}(%3[Dd]|=){0,2} | H12: Classic Data Filtering | I12: New — Alert; promote to Block after burn-in (credential leaks warrant Block). | J12: Three detectors: storage account key in connection strings (AccountKey= + 88-char base64), Entra ID client secret (xxxNQ~ format), SAS token signature (sig=). Key-anchored forms are high precision. | K12: This is present in Zscaler in this disctionary - _PRD_Creds_Azure Access Key (Regex can be taken from here) | L12: Step 1 (Alert → Block) | M12: New in v3 — regex written for Classic (no lookaround). Compunnel suggested reusing the Zscaler "_PRD_Creds_Azure Access Key" regex; compare against it before go-live. | N12: No Azure-specific pattern in any Enterprise DLP profile. "Secrets and Credentials" profile (Application credentials, Cloud DB credentials, API access token, Private key) exists but is not wired. | O12: Wire the existing "Secrets and Credentials" profile; add Azure-specific custom pattern if it does not cover Azure keys.
A13: Passwords | B13: Data Pattern need to be created | E13: (password|Password|PASSWORD|passwd|Passwd|pwd|PWD|psswd|passphrase|Passphrase|passwort|Passwort|kennwort|Kennwort|contrase.a|Contrase.a|senha|Senha)[ \t]*[:=][ \t]*[^ \t\r\n]{8,64} | F13: (same — assignment form only) | H13: Classic Data Filtering | I13: New — Alert only. | J13: The Purview regex requires lookaheads (not expected to be supported by PAN-OS Classic regex — verify) and matches any complex 8-20 character token. v3 detects the leak pattern that matters: a password keyword followed by : or = and a value. | K13: This below regex is being used in this policy CVS Health Password Policy in Microsoft Purview- (?=[^ \n]*[A-Z]+)(?=[^ \n]*[a-z]+)(?=[^ \n]*[^A-Za-z0-9 \n]+)(?=[^ \n]*[0-9]+)\b[^ \n]{8,20}\n Proximity Keyword - password credentials pwd psswd passw kennwort passwort schlüssel secret passphrase Contraseña Contrasena passe code d'accès clave 密码 [密碼] mìmǎ про́пуск шифр код haslo código senha palavra-passe | L13: Step 1 (Alert) | M13: New in v3 — keyword-anchored assignment regex instead of the Purview complexity lookahead. Case variants listed explicitly (no inline case-insensitive flag). | N13: No password pattern in any Enterprise DLP profile referenced in Panorama. | O13: Boolean profile: credential keyword proximity AND complexity pattern — this is the Purview logic, which needs Step 2.
A16: Missing Item for File Blocking Profile : File_Blocking_Best_Practice_SP | B16: Comments
A17: OST Files | B17: This should be included in the file blocking profile. | L17: Step 1 (File Blocking) | N17: Add to File_Blocking_Best_Practice_SP "Block high risk file types". PST is already blocked. Confirm the exact PAN-OS file-type ID on a firewall (not listed in the config export).
A18: Database File types | B18: This should be included in the file blocking profile. | L18: Step 1 (File Blocking) | N18: Define which types (e.g. mdb/accdb/sqlite/dbf) and confirm each PAN-OS file-type ID on a firewall before adding.
A19: Keychain | B19: This should be included in the file blocking profile. | L19: Step 1 (File Blocking) | N19: DG_LV_Egress already contains an unreferenced file-blocking profile "temporary" whose single rule "keychain" blocks ALL file types (file-type any). Delete or correct it, then add the real keychain file-type ID to the best-practice profile.

Sheet Coverage Matrix
A1: PA File/Data Filtering — Enforcement Coverage Matrix
A2: Pattern x Device Group/Scope | Status: Block / Alert / TBD / N/A | v3: statuses verified against Panorama 2026-08-31; see "Coverage by Device Group" for per-DG decrypt reality
A4: Pattern Name | B4: Device Group / Scope | C4: Status | D4: Basis for Status / Notes
A5: SSN | B5: CVS Panorama (Centrally Managed) | C5: Alert | D5: Enterprise DLP predefined SSN in NAB profile, Alert, 19 profile groups. Effective only on cleartext/decrypted paths (LV Meritain, LV-COLO HTTP) — see Coverage by Device Group.
A6: SSN | B6: Aetna Panorama Device Groups (Decentralized) | C6: N/A | D6: No DLP profile of any kind on the Aetna Panorama. (Correction: Aetna decryption IS enabled for categories and a 636-site list; the gap is that decrypted traffic carries no URL/file/DLP profiles.)
A7: SSN | B7: Retail SD-WAN (approx. 10,950 sites) | C7: N/A | D7: No Threat Prevention/Data Filtering platform in path.
A8: PCI (Card Data) | B8: CVS Panorama (Centrally Managed) | C8: Alert | D8: Credit Card Number + Magnetic Stripe already in the Enterprise DLP NAB profile, Alert. No Classic PCI object exists.
A9: PCI (Card Data) | B9: Aetna Panorama Device Groups (Decentralized) | C9: N/A | D9: No DLP profile of any kind on the Aetna Panorama. (Correction: Aetna decryption IS enabled for categories and a 636-site list; the gap is that decrypted traffic carries no URL/file/DLP profiles.)
A10: PCI (Card Data) | B10: Retail SD-WAN (approx. 10,950 sites) | C10: N/A | D10: No platform in path.
A11: Driver's License - US | B11: CVS Panorama (Centrally Managed) | C11: TBD | D11: Regex set only in CSV (not in Panorama). Enterprise DLP "Driver License - US" exists in the PII profile, not wired.
A12: Driver's License - US | B12: Aetna Panorama Device Groups (Decentralized) | C12: N/A | D12: No DLP profile of any kind on the Aetna Panorama. (Correction: Aetna decryption IS enabled for categories and a 636-site list; the gap is that decrypted traffic carries no URL/file/DLP profiles.)
A13: Driver's License - US | B13: Retail SD-WAN (approx. 10,950 sites) | C13: N/A | D13: No platform in path.
A14: Member ID | B14: CVS Panorama (Centrally Managed) | C14: TBD | D14: Not present in Panorama 2026-08-31.
A15: Member ID | B15: Aetna Panorama Device Groups (Decentralized) | C15: N/A | D15: No DLP profile of any kind on the Aetna Panorama. (Correction: Aetna decryption IS enabled for categories and a 636-site list; the gap is that decrypted traffic carries no URL/file/DLP profiles.)
... A31: Passwords | B31: Retail SD-WAN (approx. 10,950 sites) | C31: N/A | D31: No platform in path.

Sheet Summary Rollup
A1: PA File/Data Filtering — Summary Rollup
A2: Live COUNTIFS rollups against Coverage Matrix — updates automatically if matrix changes
A4: By Pattern
A5: Pattern Name | B5: Block | C5: Alert | D5: TBD | E5: N/A | F5: Total
A6: SSN | B6: =COUNTIFS('Coverage Matrix'!$A$5:$A$31,$A6,'Coverage Matrix'!$C$5:$C$31,"Block") -> 0 | C6: =COUNTIFS('Coverage Matrix'!$A$5:$A$31,$A6,'Coverage Matrix'!$C$5:$C$31,"Alert") -> 1 | D6: =COUNTIFS('Coverage Matrix'!$A$5:$A$31,$A6,'Coverage Matrix'!$C$5:$C$31,"TBD") -> 0 | E6: =COUNTIFS('Coverage Matrix'!$A$5:$A$31,$A6,'Coverage Matrix'!$C$5:$C$31,"N/A") -> 2 | F6: =SUM(B6:E6) -> 3
A7: PCI (Card Data) | B7: =COUNTIFS('Coverage Matrix'!$A$5:$A$31,$A7,'Coverage Matrix'!$C$5:$C$31,"Block") -> 0 | C7: =COUNTIFS('Coverage Matrix'!$A$5:$A$31,$A7,'Coverage Matrix'!$C$5:$C$31,"Alert") -> 1 | D7: =COUNTIFS('Coverage Matrix'!$A$5:$A$31,$A7,'Coverage Matrix'!$C$5:$C$31,"TBD") -> 0 | E7: =COUNTIFS('Coverage Matrix'!$A$5:$A$31,$A7,'Coverage Matrix'!$C$5:$C$31,"N/A") -> 2 | F7: =SUM(B7:E7) -> 3
A8: Driver's License - US | B8: =COUNTIFS('Coverage Matrix'!$A$5:$A$31,$A8,'Coverage Matrix'!$C$5:$C$31,"Block") -> 0 | C8: =COUNTIFS('Coverage Matrix'!$A$5:$A$31,$A8,'Coverage Matrix'!$C$5:$C$31,"Alert") -> 0 | D8: =COUNTIFS('Coverage Matrix'!$A$5:$A$31,$A8,'Coverage Matrix'!$C$5:$C$31,"TBD") -> 1 | E8: =COUNTIFS('Coverage Matrix'!$A$5:$A$31,$A8,'Coverage Matrix'!$C$5:$C$31,"N/A") -> 2 | F8: =SUM(B8:E8) -> 3
A9: Member ID | B9: =COUNTIFS('Coverage Matrix'!$A$5:$A$31,$A9,'Coverage Matrix'!$C$5:$C$31,"Block") -> 0 | C9: =COUNTIFS('Coverage Matrix'!$A$5:$A$31,$A9,'Coverage Matrix'!$C$5:$C$31,"Alert") -> 0 | D9: =COUNTIFS('Coverage Matrix'!$A$5:$A$31,$A9,'Coverage Matrix'!$C$5:$C$31,"TBD") -> 1 | E9: =COUNTIFS('Coverage Matrix'!$A$5:$A$31,$A9,'Coverage Matrix'!$C$5:$C$31,"N/A") -> 2 | F9: =SUM(B9:E9) -> 3
A10: MBI (Medicare Beneficiary Identifier) | B10: =COUNTIFS('Coverage Matrix'!$A$5:$A$31,$A10,'Coverage Matrix'!$C$5:$C$31,"Block") -> 0 | C10: =COUNTIFS('Coverage Matrix'!$A$5:$A$31,$A10,'Coverage Matrix'!$C$5:$C$31,"Alert") -> 0 | D10: =COUNTIFS('Coverage Matrix'!$A$5:$A$31,$A10,'Coverage Matrix'!$C$5:$C$31,"TBD") -> 1 | E10: =COUNTIFS('Coverage Matrix'!$A$5:$A$31,$A10,'Coverage Matrix'!$C$5:$C$31,"N/A") -> 2 | F10: =SUM(B10:E10) -> 3
A11: SSN - Masked/Partially Redacted | B11: =COUNTIFS('Coverage Matrix'!$A$5:$A$31,$A11,'Coverage Matrix'!$C$5:$C$31,"Block") -> 0 | C11: =COUNTIFS('Coverage Matrix'!$A$5:$A$31,$A11,'Coverage Matrix'!$C$5:$C$31,"Alert") -> 0 | D11: =COUNTIFS('Coverage Matrix'!$A$5:$A$31,$A11,'Coverage Matrix'!$C$5:$C$31,"TBD") -> 1 | E11: =COUNTIFS('Coverage Matrix'!$A$5:$A$31,$A11,'Coverage Matrix'!$C$5:$C$31,"N/A") -> 2 | F11: =SUM(B11:E11) -> 3
A12: HICN (Legacy) | B12: =COUNTIFS('Coverage Matrix'!$A$5:$A$31,$A12,'Coverage Matrix'!$C$5:$C$31,"Block") -> 0 | C12: =COUNTIFS('Coverage Matrix'!$A$5:$A$31,$A12,'Coverage Matrix'!$C$5:$C$31,"Alert") -> 0 | D12: =COUNTIFS('Coverage Matrix'!$A$5:$A$31,$A12,'Coverage Matrix'!$C$5:$C$31,"TBD") -> 1 | E12: =COUNTIFS('Coverage Matrix'!$A$5:$A$31,$A12,'Coverage Matrix'!$C$5:$C$31,"N/A") -> 2 | F12: =SUM(B12:E12) -> 3
A13: Azure Access Key Credential | B13: =COUNTIFS('Coverage Matrix'!$A$5:$A$31,$A13,'Coverage Matrix'!$C$5:$C$31,"Block") -> 0 | C13: =COUNTIFS('Coverage Matrix'!$A$5:$A$31,$A13,'Coverage Matrix'!$C$5:$C$31,"Alert") -> 0 | D13: =COUNTIFS('Coverage Matrix'!$A$5:$A$31,$A13,'Coverage Matrix'!$C$5:$C$31,"TBD") -> 1 | E13: =COUNTIFS('Coverage Matrix'!$A$5:$A$31,$A13,'Coverage Matrix'!$C$5:$C$31,"N/A") -> 2 | F13: =SUM(B13:E13) -> 3
A14: Passwords | B14: =COUNTIFS('Coverage Matrix'!$A$5:$A$31,$A14,'Coverage Matrix'!$C$5:$C$31,"Block") -> 0 | C14: =COUNTIFS('Coverage Matrix'!$A$5:$A$31,$A14,'Coverage Matrix'!$C$5:$C$31,"Alert") -> 0 | D14: =COUNTIFS('Coverage Matrix'!$A$5:$A$31,$A14,'Coverage Matrix'!$C$5:$C$31,"TBD") -> 1 | E14: =COUNTIFS('Coverage Matrix'!$A$5:$A$31,$A14,'Coverage Matrix'!$C$5:$C$31,"N/A") -> 2 | F14: =SUM(B14:E14) -> 3
A16: By Device Group / Scope
A17: Device Group / Scope | B17: Block | C17: Alert | D17: TBD | E17: N/A | F17: Total
A18: CVS Panorama (Centrally Managed) | B18: =COUNTIFS('Coverage Matrix'!$B$5:$B$31,$A18,'Coverage Matrix'!$C$5:$C$31,"Block") -> 0 | C18: =COUNTIFS('Coverage Matrix'!$B$5:$B$31,$A18,'Coverage Matrix'!$C$5:$C$31,"Alert") -> 2 | D18: =COUNTIFS('Coverage Matrix'!$B$5:$B$31,$A18,'Coverage Matrix'!$C$5:$C$31,"TBD") -> 7 | E18: =COUNTIFS('Coverage Matrix'!$B$5:$B$31,$A18,'Coverage Matrix'!$C$5:$C$31,"N/A") -> 0 | F18: =SUM(B18:E18) -> 9
A19: Aetna Panorama Device Groups (Decentralized) | B19: =COUNTIFS('Coverage Matrix'!$B$5:$B$31,$A19,'Coverage Matrix'!$C$5:$C$31,"Block") -> 0 | C19: =COUNTIFS('Coverage Matrix'!$B$5:$B$31,$A19,'Coverage Matrix'!$C$5:$C$31,"Alert") -> 0 | D19: =COUNTIFS('Coverage Matrix'!$B$5:$B$31,$A19,'Coverage Matrix'!$C$5:$C$31,"TBD") -> 0 | E19: =COUNTIFS('Coverage Matrix'!$B$5:$B$31,$A19,'Coverage Matrix'!$C$5:$C$31,"N/A") -> 9 | F19: =SUM(B19:E19) -> 9
A20: Retail SD-WAN (approx. 10,950 sites) | B20: =COUNTIFS('Coverage Matrix'!$B$5:$B$31,$A20,'Coverage Matrix'!$C$5:$C$31,"Block") -> 0 | C20: =COUNTIFS('Coverage Matrix'!$B$5:$B$31,$A20,'Coverage Matrix'!$C$5:$C$31,"Alert") -> 0 | D20: =COUNTIFS('Coverage Matrix'!$B$5:$B$31,$A20,'Coverage Matrix'!$C$5:$C$31,"TBD") -> 0 | E20: =COUNTIFS('Coverage Matrix'!$B$5:$B$31,$A20,'Coverage Matrix'!$C$5:$C$31,"N/A") -> 9 | F20: =SUM(B20:E20) -> 9
A21: Grand Total | B21: =COUNTIF('Coverage Matrix'!$C$5:$C$31,"Block") -> 0 | C21: =COUNTIF('Coverage Matrix'!$C$5:$C$31,"Alert") -> 2 | D21: =COUNTIF('Coverage Matrix'!$C$5:$C$31,"TBD") -> 7 | E21: =COUNTIF('Coverage Matrix'!$C$5:$C$31,"N/A") -> 18 | F21: =SUM(B21:E21) -> 27

Sheet Coverage by Device Group
A1: PA File/Data Filtering — Coverage by Device Group (Decrypt Reality)
A2: What each step can actually see, per firewall scope. Source: Panorama exports 2026-08-31 (PAZSHDC/RRISHDC and MID/WIN, HA peers identical).
A4: Scope | B4: Device Group / Firewalls | C4: HTTPS Decryption (verified) | D4: Current DLP (NAB, Enterprise DLP) | E4: Current File Blocking | F4: Step 1 — Regex File/Data Filtering can see | G4: Step 2 — Boolean Enterprise DLP can see | H4: Prerequisite to close the gap
A5: CVS — Rhode Island egress | B5: DG_RI_Egress (2 FW) | C5: Only the 41 "denied" categories are decrypted — and 40 of them are blocked by URL filtering. Permitted traffic is not decrypted. Large exemptions: Box, OneDrive, Syncplicity, LeapFile, Cloudflare Storage, iCloud, Outlook. | D5: Attached (general population + per-AD-group allow rules), Alert | E5: Best-practice profile attached | F5: HTTP only (cleartext) | G5: HTTP only (cleartext) | H5: Decrypt permitted traffic; review file-sharing exemptions; add a decryption profile to the decrypt rule.
A6: CVS — Arizona (Shea) egress | B6: DG_AZ_Egress (2 FW) | C6: Same as RI. | D6: Attached, Alert | E6: Best-practice profile attached | F6: HTTP only (cleartext) | G6: HTTP only (cleartext) | H6: Same as RI.
A7: CVS — Las Vegas: Meritain users | B7: DG_LV_Egress, Meritain-Users-Subnets 10.47.128.0/21 | C7: Decrypt-all enabled (after 19 exception rules) + SSH proxy. Exemptions include the M365 URL feed and *.amazonaws.com / *.appspot.com (Pinned Certs). | D7: Attached (Meritain WG groups), Alert — effective | E7: Best-practice profile; one exception rule uses No-PDF-Enc variant | F7: HTTP + decrypted HTTPS | G7: HTTP + decrypted HTTPS | H7: None for visibility — this is the pilot scope for Step 1 Block (MBI) and TRv2.
A8: CVS — Las Vegas: PPOM / NAB | B8: DG_LV_Egress, ppom-subnets (10.47.196-251.x) | C8: Not decrypted — outside the Meritain decrypt scope. | D8: Attached (SPG-PPOM-All), Alert — blind on HTTPS | E8: Best-practice profile attached | F8: HTTP only | G8: HTTP only | H8: Extend LV decryption to ppom-subnets.
A9: CVS — Las Vegas: LV-COLO / Atlanta-Austin | B9: DG_LV_Egress, LV-COLO-SUBNETS / Atlanta-Austin-Subnets | C9: Not decrypted; internet rules permit service-http only (YouTube exception by App-ID). | D9: Attached (SPG-LV-Colo-*), Alert — effective on HTTP | E9: Best-practice profile attached | F9: HTTP (all permitted web traffic) | G9: HTTP (all permitted web traffic) | H9: Confirm HTTP-only is intended; decrypt the YouTube exception if content inspection is required.
A10: CVS — Las Vegas external DMZ | B10: DG_LV_EXT_DMZ | C10: No decryption rulebase. | D10: Attached (SPG-LV-Colo-All on DMZ-HTTPS and service rules), Alert — blind on HTTPS | E10: Best-practice profile attached | F10: Cleartext protocols only | G10: Cleartext protocols only | H10: Decide whether server-side DMZ traffic is in DLP scope at all (server egress policy, not user).
A11: Aetna — Middletown/Windsor GLR + Azure East hub | B11: MID-WIN-GLR (4 FW), cme-devicegroup (8 FW) | C11: Enabled: Claude, 636-site forced-decrypt list, 9 "allowed" categories + YouTube, 39 "denied" categories. MS-login decrypt disabled. Exemptions: brand domains, M365 feed, Pinned Certs (*.amazonaws.com). | D11: None — no DLP profile exists on the Aetna Panorama | E11: None on ~97% of internet allow rules | F11: Nothing until a profile is attached | G11: Nothing until a profile is attached | H11: Attach URL filtering, file blocking and DLP to the traffic Aetna already decrypts.
A12: Retail SD-WAN (approx. 10,950 sites) | B12: — (not in either Panorama export) | C12: Not verified in this review. | D12: N/A per v2 | E12: N/A per v2 | F12: N/A | G12: N/A | H12: Platform dependency (per v2).

Sheet Regex vs Boolean DLP
A1: Step 1 Regex File/Data Filtering vs Step 2 Boolean Enterprise DLP
A2: Step 1 is the stop-gap provided until permanent Palo Alto Enterprise (Advanced) DLP licensing is in place. Enterprise DLP currently runs on a temporary license (license status per Network Security Engineering).
A4: Dimension | B4: Step 1 — Regex-based File/Data Filtering (stop-gap) | C4: Step 2 — Boolean Enterprise DLP (target) | D4: CVS evidence / implication
A5: Role | B5: Stop-gap baseline that does not depend on the Enterprise DLP license. Built from high-precision standalone patterns. | C5: Target state for the advanced DLP use cases (context, combinations, tuning). | D5: Enterprise DLP is already in production (NAB profile) on a temporary license, so Step 1 is also the fallback if that license lapses.
A6: Licensing | B6: No separate DLP license — Classic Data Filtering is part of PAN-OS Content-ID (confirm with Palo Alto for this estate). | C6: Requires the Enterprise DLP subscription. | D6: Temporary license today; convert to permanent before expiry — the production NAB profile depends on it.
A7: Where it is defined | B7: Panorama objects: Custom Data Patterns + Data Filtering profile, per device group or shared. | C7: Enterprise DLP cloud service; data profiles sync into Panorama (plugins > dlp), versioned. | D7: 0 Classic objects exist on either Panorama; 27 Enterprise DLP profiles exist on the CVS Panorama.
A8: Detection logic | B8: One regex per pattern. Per-pattern alert and block thresholds (match counts / weights). Each pattern evaluated on its own. | C8: Boolean expressions across patterns: AND / OR with occurrence counts and confidence levels (NOT/exclusion support — verify with Palo Alto). | D8: Example already configured: HIPAA = SSN AND (name OR address OR DOB OR medical condition OR phone). NAB is a "basic" (non-Boolean) profile.
A9: Context (proximity keywords) | B9: None. Precision comes only from tightening the regex itself. | C9: Proximity keywords and confidence tiers per pattern. | D9: Every Compunnel keyword list (PCI, MBI, masked SSN, HICN, Passwords) is Step 2 only — it cannot be implemented in Step 1.
A10: Validation | B10: Format only — no checksum (no Luhn for cards, no SSA issuance lookup). v3 regex encodes SSA area/group/serial rules structurally. | C10: Vendor-maintained predefined patterns with validation and confidence tiers (e.g. CCN medium/high). | D10: Expect higher false-positive rates in Step 1 for PCI and SSN — keep them at Alert; Block only structurally unique patterns (MBI).
A11: Regex engine limits | B11: Restricted syntax: design assumes no lookahead/lookbehind, no backreferences, no inline flags. All v3 patterns written to that constraint — validate each on a firewall before commit. | C11: Richer pattern definitions and keyword handling in the DLP service. | D11: Purview password regex (lookaheads) cannot be ported to Step 1 — replaced with a keyword-anchored assignment pattern.
A12: False-positive control | B12: Regex tightening only (e.g. HICN restricted to CMS BIC suffixes; SSN validity ranges). | C12: Combine patterns, require keywords, set occurrence thresholds, exclude applications (DLP App Exclusion Filter already applied to NAB). | D12: Tuning requests from the DLP team (A AND B NOT C) are Step 2 capabilities.
A13: Logging / attribution | B13: Data Filtering log names the profile and pattern that matched — attribution is by pattern object. | C13: DLP incident detail (matched patterns, snippets) in the Enterprise DLP console — confirm availability during the trial. | D13: Today one NAB profile holds 22 data types across 19 profile groups, so logs cannot say which data type fired. Per-data-type profiles/rules fix this in either step.
A14: Policy attachment | B14: One Data Filtering profile per security profile group / rule. | C14: Same — one data-filtering profile per profile group / rule. | D14: Step 1 profiles cannot sit alongside NAB on the same rule: replace NAB in selected groups, or build dedicated per-data-type rules (the rule-stack rewrite).
A15: Actions | B15: Alert or Block per pattern threshold. | C15: Alert or Block per data profile rule. | D15: Only "PII Basic Block All Data" is set to Block today, and it is not attached to any rule.
... A17: Patterns best suited | B17: MBI (Block), masked SSN, HICN (Alert), Azure key/secret formats, password assignments, validated-range SSN and brand-range PCI (Alert fallback). | C17: SSN/PCI with validation, Driver's License, Member ID, Passwords (complexity + keywords), HIPAA-style combinations. | D17: Retire each Step 1 pattern once its Step 2 equivalent is proven, or keep it deliberately as license-lapse fallback — decide per pattern.

Sheet Regex Test Results
A1: v3 Regex Test Results
A2: Python re tests run 2026-09-28 against positive and negative samples. Syntax kept to the Classic-safe subset; each pattern must still be committed and tested on a firewall.
A4: Pattern / Form | B4: Must match (samples) | C4: Must NOT match (samples) | D4: Result | E4: Defect found in v2 regex
A5: SSN (no separators) | B5: 123456789; 078051120 | C5: 000123456; 666123456; 912345678; 123004567; 123450000; 1234567890 | D5: PASS | E5: v2 matched invalid SSNs (000, 666, 9xx areas; 00 group; 0000 serial).
A6: SSN (with separators) | B6: 123-45-6789; 123 45 6789 | C6: 000-12-3456; 666-12-3456; 912-34-5678; 123-00-4567; 123-45-0000 | D6: PASS | E6: v2 dash-only; same validity gaps.
A7: PCI (no separators) | B7: Visa 16/13; MC 5-series and 2-series; Amex; Discover 6011/644-649; JCB; Diners | C7: 15-digit Visa; 1234567890123456; 7011… | D7: PASS | E7: v2 missed Mastercard 2-series (2221-2720), Discover 644-649, JCB, Diners.
A8: PCI (with separators) | B8: 4111 1111 1111 1111; 5555-5555-5555-4444; 3782-822463-10005; 6011-…; JCB; Diners 4-6-4 | C8: 4111 1111 1111 111; 1234-5678-9012-3456 | D8: PASS | E8: v2 accepted a 12-digit "Visa" (4111 1111 1111) and allowed separators anywhere.
A9: MBI (no separators) | B9: 1EG4TE5MK73; 1eg4te5mk73 | C9: 1EG4TE5MK7; 0EG4…; 1BG4… (excluded letter); 1EG4TE57K73; 1EG4TE5M1K3 | D9: PASS | E9: v2 did NOT match the CMS example 1EG4TE5MK73 — positions 7-11 were wrong.
A10: MBI (with separators) | B10: 1EG4-TE5-MK73; 1EG4 TE5 MK73 | C10: 1EG4-TE5-M73; 1EG4TE5MK73 | D10: PASS | E10: v2 did NOT match the CMS example 1EG4-TE5-MK73.
A11: SSN masked (no separators) | B11: XXXXX1234; *****6789 | C11: XXXX1234; 12345 | D11: PASS | E11: v2 \b prevented *****/##### masks from matching.
A12: SSN masked (with separators) | B12: XXX-XX-1234; ***-**-1234; xxx xx 6789 | C12: XX-XX-1234; XXX-XX-12345 | D12: PASS | E12: v2 \s allowed matches across line breaks.
A13: HICN (no separators) | B13: 123456789A; …B1; …K2; …M1; …T | C13: 123456789; 000456789A; …Z; …N | D13: PASS | E13: v2 SSN base had no validity rules; K-series suffixes absent. Verify suffix list vs CMS.
A14: HICN (with separators) | B14: 123-45-6789A; 123-45-6789-B1; 123 45 6789 C2 | C14: 123-45-6789; 123-45-6789Z | D14: PASS | E14: —
A15: Azure storage account key | B15: AccountKey=<86 base64>== | C15: AccountKey=<40 chars> | D15: PASS | E15: New in v3.
... A18: Password assignment | B18: password: Summer2026!Pw; PWD=Xk9#mq2L$v; Passwort = Geheim12345 | C18: password reset link; pwd: short; the password is strong | D18: PASS | E18: New in v3 (replaces Purview lookahead regex).

Sheet v3 Change Log
A1: v3 Change Log
A2: Changes from Compunnel2 (v2) — 2026-09-28
A4: # | B4: Sheet | C4: Change
A5: 1 | B5: Pattern Library | C5: Regex amended and tested for SSN, PCI, MBI, SSN-masked, HICN; new regex for Azure keys/secrets and password assignments. Changed cells shaded yellow.
A6: 2 | B6: Pattern Library | C6: DEFECT: v2 MBI regex (both forms) did not match valid MBIs, including CMS's example 1EG4-TE5-MK73. Corrected to CMS positional format.
A7: 3 | B7: Pattern Library | C7: Added columns: v3 Step, v3 Regex Change, Config Verification (Panorama 2026-08-31), Step 2 Boolean Enterprise DLP Equivalent. Compunnel comments (column K) retained unchanged.
A8: 4 | B8: Pattern Library | C8: Enforcement Readiness corrected: SSN and card detection are live via Enterprise DLP (NAB, Alert), not Classic objects; no Classic data patterns exist on either Panorama; DL and Member ID are not in Panorama.
A9: 5 | B9: Coverage Matrix | C9: PCI on CVS Panorama: TBD → Alert (card patterns already in NAB). Aetna basis corrected (decryption is enabled; no DLP profile exists). Added Azure Access Key and Passwords rows.
A10: 6 | B10: Summary Rollup | C10: Rebuilt with live COUNTIFS over the extended Coverage Matrix range (now includes the 2 new patterns).
A11: 7 | B11: Coverage by Device Group | C11: New sheet: per-DG decrypt reality and what Step 1 / Step 2 can each see.
A12: 8 | B12: Regex vs Boolean DLP | C12: New sheet: Step 1 regex stop-gap vs Step 2 Boolean Enterprise DLP, with CVS evidence.
A13: 9 | B13: Regex Test Results | C13: New sheet: positive/negative samples and v2 defects found.
A14: 10 | B14: File blocking | C14: OST / database / keychain: exact PAN-OS file-type IDs to confirm on a firewall. Unreferenced LV profile "temporary" blocks ALL file types — remove or correct.
